{"cameraMode":{"drawMode":0,"name":"Shaded","section":"Shading Mode"},"sceneLighting":true,"audioPlay":false,"sceneViewState":{"m_AlwaysRefresh":false,"showFog":false,"showSkybox":true,"showFlares":true,"showImageEffects":true,"showParticleSystems":true,"showVisualEffectGraphs":true,"m_FxEnabled":true},"in2DMode":false,"pivot":{"x":123.72103881835938,"y":149.82455444335938,"z":129.33474731445313},"rotation":{"x":0.39503970742225649,"y":0.32459843158721926,"z":-0.15152594447135926,"w":0.8460960984230042},"size":88.63291931152344,"orthographic":false}